yeshuv,yeshuv_code,amount,f_ussr,ethiopia,india,france,usa,argentina,britain,other,num_of_residents,olim_percent,regional_council,region,office
תל אביב - יפו,5000,39057,21993,4,22,5699,4449,601,1075,5214,569228,6.90%,,תל אביב (מרחב),
נתניה,7400,38987,25685,3,6,10001,749,129,458,1956,262556,14.80%,,נתניה והשרון (מרחב),
חיפה,4000,32320,29069,551,12,421,764,258,96,1149,326272,9.90%,,חיפה (מרחב),
ירושלים,3000,26288,6736,18,19,6089,7308,614,1178,4326,1048551,2.50%,,ירושלים (מרחב),
בת ים,6200,16474,15044,9,3,587,143,22,38,628,156488,10.50%,,חולון (מרחב),
אשדוד,70,14642,10683,4,71,2578,203,101,49,953,256294,5.70%,,אשדוד (מרחב),
ראשון לציון,8300,12555,11229,85,7,368,250,81,37,498,275493,4.60%,,חולון (מרחב),ראשון לציון (סניף)
באר שבע,9000,10094,6259,1906,47,143,389,211,18,1121,224234,4.50%,,באר שבע והנגב (מרחב),
אשקלון,7100,9830,7396,980,0,669,236,55,35,459,163839,6.00%,,אשדוד (מרחב),אשקלון
רעננה,8700,8654,1139,1,10,2447,1369,286,397,3005,94599,9.10%,,נתניה והשרון (מרחב),השרון
נהריה,9100,8580,7242,270,0,241,109,135,19,564,71123,12.10%,,גליל עליון (מרחב),נהריה
פתח תקווה,7900,7916,6429,131,51,155,266,45,68,771,276817,2.90%,,פתח תקוה (מרחב),
רמת גן,8600,7456,5192,2,15,420,510,259,101,957,176956,4.20%,,פתח תקוה (מרחב),
בית שמש,2610,6422,373,9,9,484,3646,70,599,1232,154340,4.20%,,ירושלים (מרחב),בית שמש
הרצליה,6400,5974,2894,3,5,734,912,70,248,1108,117166,5.10%,,תל אביב (מרחב),
קרית ים,9600,5816,5062,394,8,16,33,52,5,246,45681,12.70%,,חיפה (מרחב),הקריות
חולון,6600,5659,4904,42,1,114,174,31,32,361,213083,2.70%,,חולון (מרחב),
אילת,2600,5127,4068,3,12,622,88,64,17,253,68553,7.50%,,באר שבע והנגב (מרחב),אילת
עכו,7600,4716,4571,0,53,22,19,1,1,49,57353,8.20%,,גליל עליון (מרחב),עכו
חדרה,6500,4635,3220,3,4,962,101,46,15,284,109035,4.30%,,חדרה (מרחב),
כרמיאל,1139,4450,3760,0,7,26,168,133,11,345,54290,8.20%,,גליל עליון (מרחב),
רחובות,8400,4385,3464,5,10,66,448,34,36,322,159407,2.80%,,חולון (מרחב),רחובות
נוף הגליל,1061,3936,2991,0,848,6,22,13,7,49,53200,7.40%,,נוף הגליל והעמקים (מרחב),
קרית מוצקין,8200,3647,3312,83,4,30,34,47,0,137,53171,6.90%,,חיפה (מרחב),הקריות
מודיעין-מכבים-רעות,1200,2949,709,0,4,157,1099,56,188,736,100154,2.90%,,פתח תקוה (מרחב),רמלה - לוד
עפולה,7700,2539,2149,2,33,39,138,72,36,70,63975,4.00%,,נוף הגליל והעמקים (מרחב),עפולה
כפר סבא,6900,2241,1235,0,6,128,155,218,20,479,111227,2.00%,,נתניה והשרון (מרחב),השרון
קרית ביאליק,9500,2085,1796,44,1,8,22,97,3,114,48077,4.30%,,חיפה (מרחב),הקריות
צפת,8000,2044,399,991,58,23,352,18,38,165,40584,5.00%,,גליל עליון (מרחב),צפת
חריש,1247,2028,966,0,0,215,116,175,30,526,29925,6.80%,,חדרה (מרחב),
טבריה,6700,1997,705,712,294,46,73,18,18,131,52434,3.80%,,נוף הגליל והעמקים (מרחב),טבריה
מגדל העמק,874,1883,1717,0,76,9,28,14,11,28,29922,6.30%,,נוף הגליל והעמקים (מרחב),מגדל העמק
רמלה,8500,1671,1370,8,39,11,48,14,2,179,83410,2.00%,,פתח תקוה (מרחב),רמלה - לוד
קרית גת,2630,1485,672,489,18,31,165,7,29,74,67370,2.20%,,אשדוד (מרחב),קרית גת
לוד,7000,1463,1263,23,42,14,39,4,7,71,89854,1.60%,,פתח תקוה (מרחב),רמלה - לוד
גבעתיים,6300,1391,758,0,2,81,194,55,29,272,64039,2.20%,,תל אביב (מרחב),
בני ברק,6100,1283,238,2,3,236,123,272,72,337,220714,0.60%,,פתח תקוה (מרחב),בני ברק (מוקד)
קרית אתא,6800,1272,1124,19,3,22,46,8,2,48,65115,2.00%,,חיפה (מרחב),הקריות
גבעת שמואל,681,1197,160,0,0,388,338,21,26,264,29415,4.10%,,פתח תקוה (מרחב),
נשר,2500,1191,1045,0,65,7,26,11,0,37,24841,4.80%,,חיפה (מרחב),
ערד,2560,1130,764,209,1,5,62,10,18,61,32566,3.50%,,באר שבע והנגב (מרחב),ערד
אור עקיבא,1020,1113,841,0,4,89,40,39,1,99,23038,4.80%,,חדרה (מרחב),
טירת כרמל,2100,1072,933,21,0,14,29,17,6,52,29838,3.60%,,חיפה (מרחב),
אריאל,3570,1071,943,0,0,26,51,7,4,40,20675,5.20%,,פתח תקוה (מרחב),אריאל (מוקד)
יקנעם עילית,240,1050,974,3,0,12,29,0,1,31,26196,4.00%,,חדרה (מרחב),
אפרת,3650,1012,33,0,0,22,791,7,26,133,13368,7.60%,,ירושלים (מרחב),קרית ארבע
מעלה אדומים,3616,953,633,2,1,56,188,4,11,58,40733,2.30%,,ירושלים (מרחב),
מעלות-תרשיחא,1063,836,483,0,287,4,35,2,4,21,25435,3.30%,,גליל עליון (מרחב),מעלות
שדרות,1031,817,435,59,256,19,23,2,0,23,33003,2.50%,,באר שבע והנגב (מרחב),שדרות
הוד השרון,9700,702,313,0,0,26,135,16,26,186,68421,1.00%,,נתניה והשרון (מרחב),השרון
זכרון יעקב,9300,695,129,0,0,49,310,3,69,135,25611,2.70%,,חדרה (מרחב),
איבים,338,648,2,643,0,1,1,0,0,1,682,95.00%,שער הנגב,באר שבע והנגב (מרחב),שדרות
ראש העין,2640,610,363,0,5,29,69,11,6,127,73579,0.80%,,פתח תקוה (מרחב),
ביתר עילית,3780,545,126,0,0,66,188,33,20,112,67141,0.80%,,ירושלים (מרחב),
פרדס חנה-כרכור,7800,545,240,1,2,23,171,1,16,91,46397,1.20%,,חדרה (מרחב),
קצרין,4100,535,423,0,0,1,74,2,12,23,8889,6.00%,,גליל עליון (מרחב),קצרין (מוקד)
קרית אונו,2620,528,341,0,1,18,51,8,9,100,43471,1.20%,,פתח תקוה (מרחב),
נתיבות,246,518,194,0,0,185,51,6,3,79,45719,1.10%,,באר שבע והנגב (מרחב),נתיבות
כפר יונה,168,516,239,1,0,205,14,2,16,39,28264,1.80%,,נתניה והשרון (מרחב),
גבעת זאב,3730,475,73,0,0,70,210,10,21,91,21877,2.20%,,ירושלים (מרחב),
יבנה,2660,464,280,1,10,31,52,3,2,85,56736,0.80%,,חולון (מרחב),רחובות
רמת השרון,2650,454,166,0,0,42,101,7,26,112,52491,0.90%,,תל אביב (מרחב),
אופקים,31,453,328,0,0,46,14,3,1,61,37467,1.20%,,באר שבע והנגב (מרחב),אופקים
בית אלפא,95,422,0,418,0,0,2,1,0,1,1271,33.20%,הגלבוע,נוף הגליל והעמקים (מרחב),עפולה
קיסריה,1167,390,227,0,0,50,54,1,10,48,7100,5.50%,חוף הכרמל,חדרה (מרחב),
דימונה,2200,390,320,0,2,18,14,4,5,27,40849,1.00%,,באר שבע והנגב (מרחב),דימונה
קרית שמונה,2800,349,165,0,139,7,12,0,3,23,24401,1.40%,,גליל עליון (מרחב),קרית שמונה
אור יהודה,2400,338,251,0,0,5,48,5,1,28,37615,0.90%,,פתח תקוה (מרחב),
מודיעין עילית,3797,332,30,0,0,99,63,27,45,68,84233,0.40%,,פתח תקוה (מרחב),רמלה - לוד
מבשרת ציון,1015,314,156,0,0,30,67,8,6,47,27288,1.20%,,ירושלים (מרחב),
נס ציונה,7200,283,157,0,1,11,34,5,13,62,49647,0.60%,,חולון (מרחב),רחובות
באר יעקב,2530,269,201,5,1,10,21,1,2,28,29560,0.90%,,פתח תקוה (מרחב),רמלה - לוד
תל מונד,154,262,20,0,0,14,95,3,33,97,15176,1.70%,,נתניה והשרון (מרחב),
קרית מלאכי,1034,242,150,5,1,33,25,2,0,26,27580,0.90%,,אשדוד (מרחב),קרית מלאכי
כוכב יעקב,3779,220,3,0,0,49,57,2,8,101,10177,2.20%,מטה בנימין,ירושלים (מרחב),
יהוד-מונוסון,9400,218,132,0,1,10,20,0,8,47,32705,0.70%,,פתח תקוה (מרחב),
גן יבנה,166,211,122,23,0,46,12,0,0,8,24832,0.80%,,אשדוד (מרחב),
קרית טבעון,2300,208,121,0,0,6,39,3,6,33,18845,1.10%,,חיפה (מרחב),
צור הדסה,1113,207,96,3,0,1,74,2,5,26,10819,1.90%,מטה יהודה,ירושלים (מרחב),
חשמונאים,3770,205,4,0,0,1,168,0,4,28,3122,6.60%,מטה בנימין,פתח תקוה (מרחב),רמלה - לוד
בית שאן,9200,200,44,13,124,9,6,0,0,4,21023,1.00%,,נוף הגליל והעמקים (מרחב),
גני תקווה,229,192,103,0,0,22,31,0,3,33,24300,0.80%,,פתח תקוה (מרחב),
"בני עי""ש",1066,183,171,0,1,1,2,0,0,8,7428,2.50%,,אשדוד (מרחב),
קרני שומרון,3640,183,72,0,0,0,88,0,3,20,10554,1.70%,,נתניה והשרון (מרחב),השרון
ירוחם,831,166,108,0,1,8,27,0,0,22,12006,1.40%,,באר שבע והנגב (מרחב),ירוחם
מרחביה )קיבוץ(,66,158,150,0,0,1,1,0,0,6,1421,11.10%,עמק יזרעאל,נוף הגליל והעמקים (מרחב),עפולה
אלון שבות,3604,158,14,0,0,5,81,1,12,45,3503,4.50%,גוש עציון,ירושלים (מרחב),קרית ארבע
גדרה,2550,155,106,0,0,5,19,4,0,21,29218,0.50%,,חולון (מרחב),רחובות
נווה דניאל,3725,154,12,0,0,3,104,4,4,27,2667,5.80%,גוש עציון,ירושלים (מרחב),
קדימה-צורן,195,151,58,0,0,41,17,1,6,28,23245,0.60%,,נתניה והשרון (מרחב),
קרית ארבע,3611,151,40,0,56,9,14,0,1,31,8262,1.80%,,ירושלים (מרחב),קרית ארבע
מעגן מיכאל,694,147,12,0,3,5,24,39,2,62,2374,6.20%,חוף הכרמל,חדרה (מרחב),
שוהם,1304,145,58,0,0,11,49,3,4,20,22555,0.60%,,פתח תקוה (מרחב),
אבן יהודה,182,140,29,0,0,23,31,8,2,47,15201,0.90%,,נתניה והשרון (מרחב),
קרית יערים,1137,137,7,0,0,12,62,10,7,39,7187,1.90%,,ירושלים (מרחב),
אלעד,1309,134,9,0,3,41,19,13,0,49,49430,0.30%,,פתח תקוה (מרחב),
עתלית,53,133,75,0,0,10,17,2,4,25,10790,1.20%,חוף הכרמל,חיפה (מרחב),
תקוע,3563,131,55,0,0,16,42,0,1,17,4632,2.80%,גוש עציון,ירושלים (מרחב),קרית ארבע
ברוכין,3744,130,0,0,0,128,1,0,0,1,2228,5.80%,שומרון,פתח תקוה (מרחב),אריאל (מוקד)
אזור,565,128,84,0,0,5,8,0,3,28,13883,0.90%,,חולון (מרחב),
נוקדים,3726,128,106,0,0,1,8,0,4,9,2642,4.80%,גוש עציון,ירושלים (מרחב),קרית ארבע
יקיר,3647,126,0,0,0,123,2,0,1,0,2693,4.70%,שומרון,פתח תקוה (מרחב),אריאל (מוקד)
ניצנה )קהילת חינוך(,1195,125,120,0,0,0,1,0,0,4,330,37.90%,רמת נגב,באר שבע והנגב (מרחב),
שדה אליהו,304,124,0,0,0,3,64,12,11,34,930,13.30%,עמק המעיינות,נוף הגליל והעמקים (מרחב),עפולה
חיננית,3643,120,114,0,0,1,3,0,0,2,1710,7.00%,שומרון,חדרה (מרחב),
יגור,96,108,33,0,0,2,32,12,2,27,1911,5.70%,זבולון,חיפה (מרחב),
עין השופט,270,108,49,0,1,0,16,22,0,20,1228,8.80%,מגידו,חדרה (מרחב),
עלי,3765,108,9,0,0,60,16,0,0,23,4460,2.40%,מטה בנימין,ירושלים (מרחב),
יד בנימין,577,107,0,0,0,9,56,0,8,34,4465,2.40%,נחל שורק,אשדוד (מרחב),
מזכרת בתיה,28,106,40,0,0,3,37,1,3,22,16830,0.60%,,חולון (מרחב),רחובות
בנימינה-גבעת עדה,9800,102,25,0,2,9,32,0,6,28,16110,0.60%,,חדרה (מרחב),
מצפה יריחו,3576,101,0,0,0,1,79,0,1,20,2596,3.90%,מטה בנימין,ירושלים (מרחב),
מצפה רמון,99,88,54,0,0,6,19,0,3,6,5614,1.60%,,באר שבע והנגב (מרחב),מצפה רמון(מוקד)
רביבים,354,87,58,0,0,1,0,14,1,13,986,8.80%,רמת נגב,באר שבע והנגב (מרחב),
"כפר חב""ד",696,87,41,0,0,7,22,8,2,7,7936,1.10%,שדות דן,פתח תקוה (מרחב),רמלה - לוד
משאבי שדה,421,86,67,0,0,5,1,6,0,7,628,13.70%,רמת נגב,באר שבע והנגב (מרחב),
שלומי,812,85,66,0,0,4,7,1,0,7,7959,1.10%,,גליל עליון (מרחב),נהריה
בית אל,3574,83,6,0,3,13,23,0,0,38,5958,1.40%,,ירושלים (מרחב),
גבע בנימין,3763,83,28,0,2,4,14,5,6,24,5990,1.40%,מטה בנימין,ירושלים (מרחב),
אלפי מנשה,3750,80,52,0,0,2,12,0,0,14,8613,0.90%,,נתניה והשרון (מרחב),השרון
עומר,666,79,57,0,0,1,11,1,0,9,9111,0.90%,,באר שבע והנגב (מרחב),
גני מודיעין,3823,76,3,0,0,3,62,0,3,5,3516,2.20%,מטה בנימין,פתח תקוה (מרחב),רמלה - לוד
כפר ורדים,1263,74,31,0,0,2,24,0,2,15,6284,1.20%,,גליל עליון (מרחב),מעלות
עיינות,156,72,65,0,0,0,1,0,0,6,243,29.60%,גן רווה,חולון (מרחב),ראשון לציון (סניף)
חצור הגלילית,2034,71,61,0,0,0,3,0,3,4,11043,0.60%,,גליל עליון (מרחב),צפת
כפר שמריהו,267,69,33,0,0,7,12,0,12,5,2585,2.70%,,תל אביב (מרחב),
מיתר,1268,68,29,0,0,2,20,1,2,14,12202,0.60%,,באר שבע והנגב (מרחב),
פדואל,3768,68,0,0,0,67,1,0,0,0,2259,3.00%,שומרון,פתח תקוה (מרחב),אריאל (מוקד)
כוכב יאיר,1224,67,23,0,0,4,17,2,3,18,10519,0.60%,,נתניה והשרון (מרחב),השרון
אורנית,3760,67,39,0,0,3,11,1,1,12,9974,0.70%,,פתח תקוה (מרחב),
יבנאל,46,66,4,0,0,6,42,0,0,14,4683,1.40%,,נוף הגליל והעמקים (מרחב),טבריה
שער שומרון,3826,66,30,0,0,8,13,1,5,9,,#DIV/0!,,פתח תקוה (מרחב),אריאל (מוקד)
אשדות יעקב  )מאוחד(,188,62,50,0,0,0,3,1,0,8,842,7.40%,עמק הירדן,נוף הגליל והעמקים (מרחב),טבריה
אפיקים,176,61,43,0,0,1,12,0,0,5,1396,4.40%,עמק הירדן,נוף הגליל והעמקים (מרחב),טבריה
סביון,587,61,21,0,0,0,19,0,6,15,5348,1.10%,,פתח תקוה (מרחב),
כפר מסריק,297,60,14,0,0,1,19,0,7,19,842,7.10%,מטה אשר,גליל עליון (מרחב),עכו
רכסים,922,59,16,0,0,18,11,2,1,11,13816,0.40%,,חיפה (מרחב),
נען,158,58,9,0,0,4,15,9,0,21,1979,2.90%,גזר,חולון (מרחב),רחובות
יחיעם,409,57,46,0,0,0,4,1,1,5,934,6.10%,מטה אשר,גליל עליון (מרחב),
קרית עקרון,469,56,48,1,0,1,3,2,1,0,11282,0.50%,,חולון (מרחב),רחובות
מצפה נטופה,1190,56,0,0,0,0,25,0,9,22,1161,4.80%,הגליל התחתון,נוף הגליל והעמקים (מרחב),
רבבה,3795,55,23,0,0,23,2,0,1,6,3131,1.80%,שומרון,פתח תקוה (מרחב),אריאל (מוקד)
גזית,457,52,0,0,0,0,45,0,0,7,909,5.70%,עמק יזרעאל,נוף הגליל והעמקים (מרחב),עפולה
עין השלושה,676,52,45,0,0,0,1,6,0,0,429,12.10%,אשכול,באר שבע והנגב (מרחב),אופקים
שורש,456,50,17,0,0,2,14,0,11,6,1297,3.90%,מטה יהודה,ירושלים (מרחב),
אלעזר,3618,50,7,0,0,2,33,1,1,6,2733,1.80%,גוש עציון,ירושלים (מרחב),קרית ארבע
בת עין,3794,48,10,0,0,0,27,0,1,10,1812,2.60%,גוש עציון,ירושלים (מרחב),קרית ארבע
תל ציון,3815,48,5,0,0,6,8,0,3,26,,,,ירושלים (מרחב),
נהלל,80,47,38,0,0,0,3,0,1,5,1244,3.80%,עמק יזרעאל,נוף הגליל והעמקים (מרחב),מגדל העמק
צובה,465,46,21,0,0,1,9,3,0,12,830,5.50%,מטה יהודה,ירושלים (מרחב),
אורים,403,44,2,0,0,2,20,6,3,11,588,7.50%,אשכול,באר שבע והנגב (מרחב),אופקים
ניר עציון,769,44,27,0,0,8,3,0,1,5,715,6.20%,חוף הכרמל,חיפה (מרחב),
חצור-אשדוד,406,43,1,0,0,1,22,0,4,15,978,4.40%,באר טוביה,אשדוד (מרחב),
להבים,1271,43,22,0,0,8,3,2,4,4,7402,0.60%,,באר שבע והנגב (מרחב),
הר אדר,3769,43,17,0,0,2,8,0,6,10,4427,1.00%,,ירושלים (מרחב),
עין החורש,167,42,0,0,0,0,35,0,0,7,991,4.20%,עמק חפר,נתניה והשרון (מרחב),
אבן שמואל,400,41,0,0,0,0,23,0,0,18,1938,2.10%,שפיר,אשדוד (מרחב),קרית גת
קציר,1243,41,31,0,0,1,1,5,0,3,3183,1.30%,מנשה,חדרה (מרחב),
טלמון,3788,41,2,0,0,1,23,0,7,8,5491,0.70%,מטה בנימין,ירושלים (מרחב),
עין צורים,622,40,12,0,0,2,21,0,1,4,823,4.90%,שפיר,אשדוד (מרחב),קרית גת
אור הנר,67,39,36,0,0,0,2,1,0,0,966,4.00%,שער הנגב,באר שבע והנגב (מרחב),שדרות
נוף איילון,1333,39,1,0,0,0,25,0,6,7,2380,1.60%,גזר,פתח תקוה (מרחב),רמלה - לוד
כפר גלים,427,38,38,0,0,0,0,0,0,0,168,22.60%,חוף הכרמל,חיפה (מרחב),
צור יצחק,1345,38,20,0,0,0,1,7,0,10,7032,0.50%,דרום השרון,נתניה והשרון (מרחב),השרון
רמת יוחנן,178,37,8,0,0,1,22,3,0,3,1228,3.00%,זבולון,חיפה (מרחב),הקריות
רגבה,390,37,0,0,0,2,13,0,8,14,1141,3.20%,מטה אשר,גליל עליון (מרחב),נהריה
ניר יצחק,402,37,0,0,0,0,18,5,0,14,718,5.20%,אשכול,באר שבע והנגב (מרחב),
גשר הזיו,574,37,27,0,0,0,8,0,0,2,1740,2.10%,מטה אשר,גליל עליון (מרחב),נהריה
גן נר,1274,37,12,0,0,0,3,17,0,5,2885,1.30%,הגלבוע,נוף הגליל והעמקים (מרחב),עפולה
קדומים,3557,37,15,0,0,5,6,0,0,11,4785,0.80%,,נתניה והשרון (מרחב),השרון
בית זרע,143,36,18,0,0,0,15,0,0,3,818,4.40%,עמק הירדן,נוף הגליל והעמקים (מרחב),טבריה
פרדסיה,171,36,4,0,0,8,16,1,0,7,8128,0.40%,,נתניה והשרון (מרחב),
מעוז חיים,272,35,0,0,0,0,15,0,1,19,636,5.50%,עמק המעיינות,נוף הגליל והעמקים (מרחב),עפולה
נעורים,186,33,33,0,0,0,0,0,0,0,220,15.00%,עמק חפר,נתניה והשרון (מרחב),
צרעה,567,33,0,0,0,0,29,0,2,2,1222,2.70%,מטה יהודה,ירושלים (מרחב),בית שמש
עופרה,3617,33,1,0,1,9,10,0,11,1,3304,1.00%,מטה בנימין,ירושלים (מרחב),
מולדת,269,32,0,0,0,0,25,0,2,5,1253,2.60%,הגלבוע,נוף הגליל והעמקים (מרחב),עפולה
בית דגן,466,32,18,0,0,0,4,1,0,9,7527,0.40%,,חולון (מרחב),ראשון לציון (סניף)
לביא,585,32,0,0,0,0,25,0,2,5,730,4.40%,הגליל התחתון,נוף הגליל והעמקים (מרחב),טבריה
מעלה אפרים,3608,31,23,0,0,1,5,0,0,2,1761,1.80%,,ירושלים (מרחב),
הגושרים,356,30,22,0,0,8,0,0,0,0,1081,2.80%,הגליל העליון,גליל עליון (מרחב),קרית שמונה
עלי זהב,3727,30,3,0,0,1,6,1,2,17,4795,0.60%,שומרון,פתח תקוה (מרחב),אריאל (מוקד)
דולב,3747,30,0,0,0,1,10,0,0,19,1625,1.80%,מטה בנימין,ירושלים (מרחב),
טללים,1177,29,1,0,0,0,22,1,0,5,641,4.50%,רמת נגב,באר שבע והנגב (מרחב),
אלקנה,3560,29,1,0,0,0,23,1,1,3,4324,0.70%,,פתח תקוה (מרחב),
רתמים,1260,28,10,0,0,0,17,0,1,0,735,3.80%,רמת נגב,באר שבע והנגב (מרחב),
מתתיהו,3648,28,2,0,0,1,21,0,1,3,919,3.00%,מטה בנימין,פתח תקוה (מרחב),רמלה - לוד
כפר תבור,47,27,6,0,0,1,10,1,2,7,4951,0.50%,,נוף הגליל והעמקים (מרחב),טבריה
מגדל,65,27,10,0,0,2,7,0,0,8,2117,1.30%,,נוף הגליל והעמקים (מרחב),טבריה
ביריה,368,27,6,0,0,1,19,0,0,1,959,2.80%,מרום הגליל,גליל עליון (מרחב),צפת
ארז,714,27,1,0,0,0,24,0,0,2,644,4.20%,שער הנגב,באר שבע והנגב (מרחב),שדרות
יהל,1158,27,27,0,0,0,0,0,0,0,337,8.00%,חבל אילות,באר שבע והנגב (מרחב),אילת
לוטן,1255,27,14,0,0,0,3,0,1,9,252,10.70%,חבל אילות,באר שבע והנגב (מרחב),אילת
נצרת,7300,27,27,0,0,0,0,0,0,0,82701,0.00%,,נוף הגליל והעמקים (מרחב),
מדרשת בן גוריון,1140,26,10,0,1,2,8,2,0,3,1802,1.40%,רמת נגב,באר שבע והנגב (מרחב),
יפתח,453,25,20,0,0,0,4,0,1,0,784,3.20%,הגליל העליון,גליל עליון (מרחב),קרית שמונה
צופים,3791,25,19,0,0,0,4,0,0,2,2608,1.00%,שומרון,נתניה והשרון (מרחב),
רמת ישי,122,24,14,0,0,1,4,1,0,4,8303,0.30%,,נוף הגליל והעמקים (מרחב),מגדל העמק
יראון,623,24,24,0,0,0,0,0,0,0,486,4.90%,הגליל העליון,גליל עליון (מרחב),קרית שמונה
כיסופים,840,24,4,0,0,0,15,1,0,4,406,5.90%,אשכול,באר שבע והנגב (מרחב),אופקים
בית אריה,3652,24,16,0,0,2,3,0,0,3,5683,0.40%,,פתח תקוה (מרחב),
נעלה,3787,24,10,0,0,0,3,0,0,11,2614,0.90%,מטה בנימין,ירושלים (מרחב),
מאיר שפיה,102,23,23,0,0,0,0,0,0,0,172,13.40%,חוף הכרמל,חדרה (מרחב),
בית צבי,212,23,21,0,0,0,0,0,0,2,95,24.20%,חוף הכרמל,חיפה (מרחב),
חוקוק,374,23,18,0,0,1,0,0,0,4,748,3.10%,עמק הירדן,נוף הגליל והעמקים (מרחב),טבריה
סעד,419,23,1,0,0,2,5,0,3,12,989,2.30%,שדות נגב,באר שבע והנגב (מרחב),נתיבות
מעלה מכמש,3651,23,0,0,0,0,5,4,2,12,1933,1.20%,מטה בנימין,ירושלים (מרחב),
עין המפרץ,289,22,17,0,0,0,0,0,0,5,983,2.20%,מטה אשר,גליל עליון (מרחב),עכו
כדורי,371,22,22,0,0,0,0,0,0,0,106,20.80%,הגליל התחתון,נוף הגליל והעמקים (מרחב),עפולה
לוחמי הגיטאות,595,22,17,0,0,0,0,0,2,3,882,2.50%,מטה אשר,גליל עליון (מרחב),נהריה
קטורה,1052,22,8,0,0,0,1,6,3,4,632,3.50%,חבל אילות,באר שבע והנגב (מרחב),אילת
הר גילה,3603,22,11,0,0,1,4,0,0,6,1685,1.30%,גוש עציון,ירושלים (מרחב),
קרית ענבים,78,21,12,0,0,0,0,1,0,8,395,5.30%,מטה יהודה,ירושלים (מרחב),בית שמש
טירת צבי,268,21,1,0,0,1,12,0,4,3,984,2.10%,עמק המעיינות,נוף הגליל והעמקים (מרחב),עפולה
סאסא,578,21,0,0,0,0,19,0,2,0,531,4.00%,הגליל העליון,גליל עליון (מרחב),צפת
בית זית,710,21,0,0,0,0,10,0,2,9,1589,1.30%,מטה יהודה,ירושלים (מרחב),
אלוני יצחק,868,21,21,0,0,0,0,0,0,0,181,11.60%,מנשה,חדרה (מרחב),
מורשת,1178,21,1,0,0,0,20,0,0,0,1776,1.20%,משגב,גליל עליון (מרחב),
כפר אדומים,3638,21,0,0,0,7,8,0,1,5,4901,0.40%,מטה בנימין,ירושלים (מרחב),
כפר סילבר,107,20,20,0,0,0,0,0,0,0,127,15.70%,חוף אשקלון,אשדוד (מרחב),
בני דרור,386,20,0,0,0,0,7,0,3,10,1240,1.60%,לב השרון,נתניה והשרון (מרחב),
אורה,780,20,6,0,0,1,11,0,0,2,1192,1.70%,מטה יהודה,ירושלים (מרחב),
חנתון,1257,20,3,0,0,1,14,0,2,0,974,2.10%,עמק יזרעאל,נוף הגליל והעמקים (מרחב),
עין שמר,139,19,18,0,0,0,1,0,0,0,888,2.10%,מנשה,חדרה (מרחב),
ניצן,351,19,0,0,3,7,2,0,0,7,2610,0.70%,חוף אשקלון,אשדוד (מרחב),
משגב עם,378,19,18,0,0,0,0,0,0,1,353,5.40%,הגליל העליון,גליל עליון (מרחב),קרית שמונה
עתניאל,3748,19,0,0,2,2,4,0,0,11,916,2.10%,הר חברון,באר שבע והנגב (מרחב),ערד
נחושה,59,18,0,0,0,2,15,0,0,1,1578,1.10%,מטה יהודה,ירושלים (מרחב),
להבות הבשן,380,18,15,0,0,1,1,0,0,1,1000,1.80%,הגליל העליון,גליל עליון (מרחב),קרית שמונה
נורדיה,447,18,14,0,0,0,1,0,2,1,2013,0.90%,לב השרון,נתניה והשרון (מרחב),
כוכב השחר,3564,18,0,0,0,5,2,0,0,11,2745,0.70%,מטה בנימין,ירושלים (מרחב),
נוה צוף,3573,18,0,0,0,5,4,1,1,7,1332,1.40%,מטה בנימין,פתח תקוה (מרחב),
בארות יצחק,450,17,0,0,0,8,6,0,0,3,591,2.90%,חבל מודיעין,פתח תקוה (מרחב),
מעלה גלבוע,1127,17,10,0,0,1,0,0,0,6,803,2.10%,עמק המעיינות,נוף הגליל והעמקים (מרחב),עפולה
פוריה עילית,1313,17,5,0,0,0,10,0,0,2,1376,1.20%,עמק הירדן,נוף הגליל והעמקים (מרחב),טבריה
בת חפר,1319,17,11,0,0,1,4,1,0,0,5639,0.30%,עמק חפר,נתניה והשרון (מרחב),
שילה,3641,17,1,0,0,1,13,0,0,2,5179,0.30%,מטה בנימין,ירושלים (מרחב),
סוסיה,3756,17,0,0,0,0,2,0,0,15,1538,1.10%,הר חברון,באר שבע והנגב (מרחב),ערד
איתמר,3762,17,5,0,0,0,12,0,0,0,1411,1.20%,שומרון,פתח תקוה (מרחב),אריאל (מוקד)
מטולה,43,16,7,0,0,0,7,0,1,1,1888,0.80%,,גליל עליון (מרחב),קרית שמונה
איילת השחר,77,16,15,0,0,0,0,0,0,1,1178,1.40%,הגליל העליון,גליל עליון (מרחב),קרית שמונה
גורן,755,16,11,0,0,0,5,0,0,0,565,2.80%,מעלה יוסף,גליל עליון (מרחב),מעלות
שעלבים,856,16,0,0,0,0,14,1,0,1,1560,1.00%,גזר,פתח תקוה (מרחב),רמלה - לוד
ארסוף,1324,16,9,0,0,3,2,0,2,0,209,7.70%,חוף השרון,נתניה והשרון (מרחב),
מגדל עוז,3561,16,0,0,0,1,4,0,0,11,414,3.90%,גוש עציון,ירושלים (מרחב),קרית ארבע
מעלה עמוס,3653,16,4,0,0,0,9,0,2,1,1016,1.60%,גוש עציון,ירושלים (מרחב),קרית ארבע
ברקן,3654,16,9,0,0,2,5,0,0,0,2179,0.70%,שומרון,פתח תקוה (מרחב),אריאל (מוקד)
משמר העמק,130,15,3,0,0,1,1,3,2,5,1409,1.10%,מגידו,חדרה (מרחב),
מעין צבי,290,15,0,0,0,0,12,0,3,0,971,1.50%,חוף הכרמל,חדרה (מרחב),
כפר רופין,295,15,13,0,0,0,0,1,0,1,568,2.60%,עמק המעיינות,נוף הגליל והעמקים (מרחב),עפולה
קבוצת יבנה,334,15,0,0,0,0,11,0,0,4,864,1.70%,חבל יבנה,אשדוד (מרחב),
רנן,789,15,5,0,0,0,10,0,0,0,701,2.10%,מרחבים,באר שבע והנגב (מרחב),אופקים
אמירים,1064,15,0,0,0,0,10,0,0,5,918,1.60%,מרום הגליל,גליל עליון (מרחב),
נירית,1236,15,12,0,0,0,2,0,1,0,1091,1.40%,דרום השרון,נתניה והשרון (מרחב),השרון
להב,2023,15,0,0,0,0,11,0,0,4,805,1.90%,בני שמעון,באר שבע והנגב (מרחב),
מעון,3657,15,0,0,0,4,11,0,0,0,637,2.40%,הר חברון,ירושלים (מרחב),קרית ארבע
כרמי צור,3766,15,4,0,0,3,1,5,0,2,1134,1.30%,גוש עציון,ירושלים (מרחב),קרית ארבע
חספין,4005,15,0,0,0,2,11,2,0,0,1602,0.90%,גולן,גליל עליון (מרחב),קצרין (מוקד)
ראש פינה,26,14,2,0,0,1,4,0,1,6,3496,0.40%,,גליל עליון (מרחב),צפת
אביחיל,175,14,4,0,0,0,6,0,0,4,1406,1.00%,עמק חפר,נתניה והשרון (מרחב),
רשפון,247,14,6,0,0,0,3,2,0,3,1359,1.00%,חוף השרון,נתניה והשרון (מרחב),
נאות מרדכי,408,14,12,0,0,0,0,0,1,1,789,1.80%,הגליל העליון,גליל עליון (מרחב),קרית שמונה
פוריה - כפר עבודה,1104,14,11,0,0,0,3,0,0,0,388,3.60%,עמק הירדן,נוף הגליל והעמקים (מרחב),טבריה
אילות,1126,14,13,0,0,0,0,1,0,0,388,3.60%,חבל אילות,באר שבע והנגב (מרחב),אילת
מרחב עם,1340,14,0,0,0,0,14,0,0,0,596,2.30%,רמת נגב,באר שבע והנגב (מרחב),
אספר,3754,14,4,0,0,1,8,1,0,0,1128,1.20%,גוש עציון,ירושלים (מרחב),קרית ארבע
גיניגר,92,13,3,0,0,0,1,3,1,5,805,1.60%,עמק יזרעאל,נוף הגליל והעמקים (מרחב),מגדל העמק
ניר עם,348,13,11,0,0,0,1,1,0,0,655,2.00%,שער הנגב,באר שבע והנגב (מרחב),שדרות
מלכיה,596,13,5,0,0,0,4,0,0,4,537,2.40%,הגליל העליון,גליל עליון (מרחב),קרית שמונה
ברעם,667,13,7,0,0,2,1,1,0,2,722,1.80%,הגליל העליון,גליל עליון (מרחב),קרית שמונה
ינוב,753,13,1,0,0,6,2,1,0,3,860,1.50%,לב השרון,נתניה והשרון (מרחב),
גבעת יערים,787,13,8,0,0,0,1,0,0,4,1261,1.00%,מטה יהודה,ירושלים (מרחב),
כרם ביבנה )ישיבה(,1094,13,0,0,0,0,11,0,1,1,309,4.20%,חבל יבנה,אשדוד (מרחב),
צורית,1221,13,12,0,0,0,0,0,0,1,1030,1.30%,משגב,גליל עליון (מרחב),
כרמי יוסף,1264,13,7,0,0,1,4,0,1,0,1944,0.70%,גזר,פתח תקוה (מרחב),רמלה - לוד
גבעון החדשה,3644,13,3,0,0,1,7,0,0,2,1243,1.00%,מטה בנימין,ירושלים (מרחב),
מנחמיה,48,12,0,0,0,0,6,1,1,4,1269,0.90%,עמק המעיינות,נוף הגליל והעמקים (מרחב),טבריה
כפר ויתקין,190,12,6,0,0,0,6,0,0,0,1974,0.60%,עמק חפר,נתניה והשרון (מרחב),
חיבת ציון,219,12,0,0,0,0,0,0,8,4,827,1.50%,עמק חפר,נתניה והשרון (מרחב),
בית יהושע,288,12,1,0,0,3,0,0,0,8,1162,1.00%,חוף השרון,נתניה והשרון (מרחב),
בית העמק,572,12,6,0,0,0,1,2,0,3,762,1.60%,מטה אשר,גליל עליון (מרחב),נהריה
מזור,606,12,3,0,0,0,2,1,0,6,1183,1.00%,חבל מודיעין,פתח תקוה (מרחב),
בן עמי,712,12,11,0,0,0,1,0,0,0,808,1.50%,מטה אשר,גליל עליון (מרחב),נהריה
מבוא ביתר,771,12,3,0,0,2,7,0,0,0,1083,1.10%,מטה יהודה,ירושלים (מרחב),
עמינדב,779,12,8,0,0,1,1,1,0,1,922,1.30%,מטה יהודה,ירושלים (מרחב),
יטבתה,866,12,6,0,0,1,0,0,0,5,941,1.30%,חבל אילות,באר שבע והנגב (מרחב),אילת
פוריה - נווה עובד,1105,12,5,0,0,0,7,0,0,0,1533,0.80%,עמק הירדן,נוף הגליל והעמקים (מרחב),טבריה
אשחר,1188,12,4,0,0,0,6,0,1,1,1043,1.20%,משגב,גליל עליון (מרחב),
לבנים,1230,12,6,0,0,6,0,0,0,0,524,2.30%,מרום הגליל,נוף הגליל והעמקים (מרחב),טבריה
גבעת אבני,1293,12,4,0,0,0,6,0,0,2,2290,0.50%,הגליל התחתון,נוף הגליל והעמקים (מרחב),טבריה
אבשלום,1311,12,12,0,0,0,0,0,0,0,388,3.10%,אשכול,באר שבע והנגב (מרחב),אופקים
מתן,1315,12,7,0,0,0,3,0,0,2,3594,0.30%,דרום השרון,נתניה והשרון (מרחב),השרון
פסגות,3659,12,1,0,1,0,1,3,0,6,2261,0.50%,מטה בנימין,ירושלים (מרחב),
קלע,4024,12,12,0,0,0,0,0,0,0,451,2.70%,גולן,גליל עליון (מרחב),קצרין (מוקד)
באר אורה,21,11,6,0,0,1,0,0,0,4,1218,0.90%,חבל אילות,באר שבע והנגב (מרחב),אילת
גבע,86,11,0,0,0,1,9,1,0,0,703,1.60%,הגלבוע,נוף הגליל והעמקים (מרחב),עפולה
עין ורד,157,11,0,0,0,0,6,0,0,5,1674,0.70%,לב השרון,נתניה והשרון (מרחב),
כפר פינס,189,11,0,0,0,0,6,0,0,5,693,1.60%,מנשה,חדרה (מרחב),
בית יצחק-שער חפר,326,11,1,0,0,0,7,0,1,2,2366,0.50%,עמק חפר,נתניה והשרון (מרחב),
בני ציון,418,11,0,0,0,0,4,0,0,7,1190,0.90%,חוף השרון,נתניה והשרון (מרחב),השרון
סער,454,11,6,0,0,0,1,0,0,4,1024,1.10%,מטה אשר,גליל עליון (מרחב),נהריה
ברקאי,617,11,3,0,0,1,2,0,1,4,731,1.50%,מנשה,חדרה (מרחב),
גרופית,1129,11,9,0,0,0,0,0,0,2,401,2.70%,חבל אילות,באר שבע והנגב (מרחב),אילת
יסוד המעלה,29,10,7,0,0,0,1,0,0,2,1807,0.60%,,גליל עליון (מרחב),קרית שמונה
גבעת חיים )מאוחד(,173,10,2,0,0,0,0,0,1,7,1244,0.80%,עמק חפר,נתניה והשרון (מרחב),
אשדות יעקב  )איחוד(,199,10,3,0,0,0,4,0,1,2,1019,1.00%,עמק הירדן,נוף הגליל והעמקים (מרחב),טבריה
הזורע,250,10,2,0,0,0,5,2,0,1,1294,0.80%,מגידו,חדרה (מרחב),
כפר נטר,316,10,0,0,0,0,0,0,1,9,1069,0.90%,חוף השרון,נתניה והשרון (מרחב),
מנרה,347,10,10,0,0,0,0,0,0,0,291,3.40%,הגליל העליון,גליל עליון (מרחב),קרית שמונה
רמות מנשה,445,10,0,0,0,0,5,1,0,4,1387,0.70%,מגידו,חדרה (מרחב),
בוסתן הגליל,559,10,7,0,0,0,3,0,0,0,1126,0.90%,מטה אשר,גליל עליון (מרחב),נהריה
כברי,576,10,8,0,0,0,0,0,0,2,1253,0.80%,מטה אשר,גליל עליון (מרחב),נהריה
בורגתה,698,10,2,0,0,0,2,1,0,5,1170,0.90%,עמק חפר,נתניה והשרון (מרחב),
רמות מאיר,735,10,8,0,0,2,0,0,0,0,787,1.30%,גזר,פתח תקוה (מרחב),רמלה - לוד
בית רבן,848,10,0,0,0,2,7,0,0,1,515,1.90%,חבל יבנה,אשדוד (מרחב),
בקוע,864,10,7,0,0,0,2,0,1,0,841,1.20%,מטה יהודה,ירושלים (מרחב),
בית חשמונאי,1050,10,6,0,0,0,3,0,0,1,2335,0.40%,גזר,פתח תקוה (מרחב),רמלה - לוד
קורנית,1179,10,4,0,0,0,5,0,0,1,957,1.00%,משגב,גליל עליון (מרחב),
לפיד,1310,10,7,0,2,0,0,0,0,1,2284,0.40%,חבל מודיעין,פתח תקוה (מרחב),רמלה - לוד
אחוזת ברק,1330,10,6,0,0,0,0,0,0,4,2719,0.40%,עמק יזרעאל,נוף הגליל והעמקים (מרחב),מגדל העמק
עמנואל,3660,10,2,0,0,1,6,0,0,1,5024,0.20%,,פתח תקוה (מרחב),אריאל (מוקד)
ברכה,3710,10,2,0,0,2,2,3,0,1,3068,0.30%,שומרון,נתניה והשרון (מרחב),
